model,env,Theta size,num obs,time,num parts
car,zigzag1,0.20000000000000004,9,0.027851104736328125,1
