model,env,Theta size,num obs,time,num parts
car,zigzag3,0.5999999999999999,9,0.6058099269866943,16
