model,env,Theta size,num obs,time,num parts
car,maze,0.2000000000000002,22,0.0778970718383789,1
