model,env,Theta size,num obs,time,num parts
car,SCOTS,0.07071067811865478,19,0.6262111663818359,1
