model,env,Theta size,num obs,time,num parts
car,demo,0.3535533905932738,5,0.026224851608276367,1
