model,env,Theta size,num obs,time,num parts
robot,SCOTS,0.07071067811865478,19,0.6580190658569336,1
