model,env,Theta size,num obs,time,num parts
robot,zigzag1,0.20000000000000004,9,0.02645587921142578,1
